Etapa,Dueño,Dev,Seguridad,SCM,AAP Admin,Dominio técnico,Operaciones/SRE,Solicitante
Definición del caso,A/R,C,C,I,I,C,C,C
Diseño técnico,A,R,C,I,C,C,C,I
Desarrollo,C,A/R,C,C,I,C,I,I
Validación técnica,C,A/R,C,C,I,C,C,I
Revisión de seguridad,C,C,A/R,I,C,C,C,I
Merge y release,C,R,C,A,I,I,I,I
Configuración AAP,C,C,C,I,A/R,C,C,I
Pruebas no productivas,A,R,C,I,C,R,C,C
Autorización de producción,A/R,C,C,I,C,C,C,I
Solicitud y programación,C,I,I,I,C,I,R,A/R
Ejecución y recuperación,A,C,C,I,C,C,R,I
Entrega de output,A,C,C,I,C,I,R,C
Aceptación de output,C,I,I,I,I,C,R,A/R
Monitoreo y mejora,A,C,C,I,C,C,R,C
Retiro,A,C,C,C,R,C,R,I
